first,last,age,dollar,phone,join_date
Evan,Lloyd,19,$3839.78,(771) 255-1133,2018-05-19
Etta,Griffith,50,$8158.60,(523) 731-6388,2018-05-19
William,Conner,50,$9966.70,(759) 504-6619,2018-05-19
Rhoda,Guerrero,20,$6480.10,(467) 431-4273,2018-05-19
Kyle,Klein,59,$6106.13,(760) 829-2093,2018-05-19
Benjamin,Patton,59,$3925.51,(488) 673-5745,2018-05-19
Georgie,Hansen,51,$8809.92,(579) 706-4402,2018-05-19
Gregory,Bowen,36,$5176.21,(533) 506-3845,2018-05-19
Cornelia,Peterson,46,$3626.31,(861) 316-5672,2018-05-19
Samuel,Cole,37,$7677.20,(760) 406-6331,2018-05-19
Marvin,McKinney,24,$8259.42,(984) 809-6472,2018-05-19
Georgia,Green,45,$9779.15,(302) 913-6498,2018-05-19
Myra,Colon,56,$1980.64,(756) 503-7949,2018-05-19
Anne,Robbins,36,$3188.48,(251) 981-9828,2018-05-19
Seth,Holland,62,$5514.69,(755) 269-7714,2018-05-19
Laura,Fitzgerald,21,$1226.60,(440) 938-4192,2018-05-19
Sallie,Gordon,31,$1112.63,(628) 874-9254,2018-05-19
Mike,Bowman,45,$7002.78,(652) 263-8576,2018-05-19
Emilie,Banks,37,$5300.94,(636) 804-5336,2018-05-19
Nicholas,Greer,40,$7928.59,(927) 476-6400,2018-05-19
Blake,Ward,35,$8239.86,(312) 996-1753,2018-05-19
Wesley,Wells,21,$2857.13,(856) 292-9480,2018-05-19
Josephine,Murphy,35,$6455.74,(538) 898-8235,2018-05-19
Clayton,Day,35,$9287.62,(306) 747-6155,2018-05-19
Jim,Wolfe,20,$7107.26,(259) 891-6092,2018-05-19
Rachel,Andrews,24,$4208.82,(437) 966-7826,2018-05-19
Inez,Walton,39,$3761.12,(238) 693-4139,2018-05-19
Barry,Scott,38,$6996.35,(320) 735-5334,2018-05-19
Jesus,Zimmerman,25,$2070.83,(540) 578-3985,2018-05-19
Carlos,Carson,47,$5196.50,(787) 651-1062,2018-05-19
Cornelia,Cummings,18,$6152.93,(837) 298-2936,2018-05-19
Keith,Sullivan,34,$1004.51,(563) 942-6717,2018-05-19
Roy,Fitzgerald,30,$6613.71,(601) 815-2720,2018-05-19
Olivia,Richardson,37,$8798.43,(882) 508-9567,2018-05-19
Jeffrey,Stephens,22,$3976.32,(431) 572-8446,2018-05-19
Stanley,Carpenter,31,$8988.76,(871) 747-9258,2018-05-19
Lily,Carlson,22,$1815.27,(567) 617-1739,2018-05-19
Lina,Beck,28,$4121.91,(721) 641-5328,2018-05-19
Richard,McKinney,39,$5986.34,(410) 305-2681,2018-05-19
Rebecca,Simpson,39,$2276.59,(742) 723-8770,2018-05-19
Tommy,Tran,59,$68.94,(663) 948-4548,2018-05-19
Susan,Figueroa,47,$1190.87,(732) 837-6968,2018-05-19
Olga,Ingram,31,$8961.37,(573) 982-5159,2018-05-19
Lottie,Hayes,22,$2149.65,(487) 259-4412,2018-05-19
Ian,Carpenter,49,$4864.98,(520) 834-3691,2018-05-19
Harold,Black,49,$6026.59,(479) 985-1669,2018-05-19
Jesse,Simpson,25,$8123.07,(726) 742-3195,2018-05-19
Aaron,Moss,25,$359.68,(534) 265-1265,2018-05-19
Landon,Foster,42,$2020.59,(610) 995-8578,2018-05-19
Emilie,Rodriguez,42,$8272.03,(973) 784-3995,2018-05-19
Mollie,Huff,32,$60.20,(464) 454-6032,2018-05-19
Jim,Howard,32,$699.86,(374) 414-7025,2018-05-19
Fanny,Russell,45,$7422.92,(988) 896-8913,2018-05-19
Vernon,Baker,47,$5201.58,(583) 770-6411,2018-05-19
Randall,Chapman,58,$9553.45,(647) 394-2240,2018-05-19
Pearl,Alvarez,41,$7505.16,(503) 673-6034,2018-05-19
Georgie,Lambert,58,$9276.04,(312) 965-6178,2018-05-19
Claudia,Clarke,22,$2674.09,(247) 734-2203,2018-05-19
Andre,Kelly,63,$5830.05,(921) 443-3559,2018-05-19
Vernon,Rowe,22,$8683.37,(701) 421-9999,2018-05-19
Mark,Vargas,24,$8623.18,(986) 861-4913,2018-05-19
Andrew,Carroll,45,$8250.61,(350) 617-2450,2018-05-19
Nell,Cummings,38,$287.01,(444) 818-8763,2018-05-19
Marguerite,Walsh,50,$6577.70,(953) 638-7783,2018-05-19
Clarence,Murphy,63,$7280.24,(927) 680-,2018-05-19
Bessie,Jenkins,33,$2912.74,(609) 319-3615,2018-05-19
Iva,White,20,$2009.67,(476) 371-6597,2018-05-19
Tillie,West,26,$6271.86,(931) 558-8880,2018-05-19
Mabel,Bowman,60,$2115.85,(522) 238-6843,2018-05-19
Dustin,Hughes,59,$3179.52,(229) 249-3219,2018-05-19
Minerva,Allen,60,$2887.03,(530) 443-8729,2018-05-19
Miguel,Bennett,32,$3972.87,(243) 949-7235,2018-05-19
Kate,Ramos,55,$3008.18,(602) 783-1029,2018-05-19
John,Wilson,24,$3579.46,(434) 863-3482,2018-05-19
Nicholas,Obrien,43,$6197.99,(658) 283-4232,2018-05-19
Michael,Potter,58,$7418.68,(659) 582-4008,2018-05-19
Louisa,Medina,23,$2042.76,(687) 245-4929,2018-05-19
Louis,Alvarez,65,$5025.34,(500) 903-4793,2018-05-19
Louis,Davidson,51,$6817.31,(762) 740-5555,2018-05-19
Walter,Welch,44,$5933.26,(441) 292-7488,2018-05-19
Julia,Ruiz,43,$6361.33,(741) 555-8853,2018-05-19
Bettie,Berry,57,$3565.44,(859) 451-9595,2018-05-19
Devin,Pratt,55,$6275.67,(706) 724-7551,2018-05-19
Christine,Carr,44,$5146.23,(208) 944-6592,2018-05-19
Alvin,Hunt,58,$6598.74,(835) 923-1555,2018-05-19
Victor,Hoffman,48,$7003.09,(647) 593-5300,2018-05-19
James,Cruz,40,$3352.58,(402) 585-3208,2018-05-19
Rosa,Jimenez,34,$1351.76,(372) 736-4867,2018-05-19
Roger,Neal,48,$1455.03,(623) 243-1483,2018-05-19
Mildred,French,62,$8073.45,(936) 697-9602,2018-05-19
Hunter,Rice,58,$660.76,(203) 465-1329,2018-05-19
Olga,McDonald,61,$1195.00,(262) 640-5834,2018-05-19
Lawrence,Bishop,62,$3013.03,(919) 622-5623,2018-05-19
Katharine,Warner,65,$3807.14,(352) 670-3264,2018-05-19
Cecelia,Ellis,65,$2460.33,(456) 812-7649,2018-05-19
Victor,Hale,42,$5927.25,(286) 293-8036,2018-05-19
Martha,Beck,49,$5422.27,(850) 208-5232,2018-05-19
Leonard,Zimmerman,27,$4006.53,(631) 264-1377,2018-05-19
Andre,Edwards,27,$2789.54,(553) 875-2073,2018-05-19
Nina,Powell,28,$5027.58,(534) 745-4890,2018-05-19
Eddie,Townsend,55,$5286.21,(600) 618-9752,2018-05-19
Isaiah,Fuller,49,$6805.41,(406) 413-4781,2018-05-19
Isabella,Howell,52,$609.56,(856) 350-7357,2018-05-19
William,Morrison,50,$7536.80,(975) 306-2064,2018-05-19
Maud,Gutierrez,42,$2850.22,(664) 495-9491,2018-05-19
Caroline,Casey,19,$4776.69,(506) 214-3534,2018-05-19
Kyle,Barton,28,$2132.32,(312) 757-6497,2018-05-19
Joel,Fuller,35,$8264.43,(488) 648-5598,2018-05-19
Leona,Stevenson,24,$5847.33,(262) 707-6376,2018-05-19
Irene,Foster,65,$72.56,(764) 288-1732,2018-05-19
Florence,Stanley,42,$7183.83,(279) 889-4246,2018-05-19
Addie,Wilkerson,54,$5088.30,(403) 945-7789,2018-05-19
Delia,Anderson,62,$2176.56,(428) 525-7634,2018-05-19
Gary,Reed,44,$2694.26,(417) 908-9790,2018-05-19
Lester,Larson,35,$9091.30,(774) 887-5627,2018-05-19
Scott,Wilson,26,$9385.05,(681) 831-4989,2018-05-19
Sylvia,McCormick,64,$9999.93,(603) 303-6269,2018-05-19
Noah,Powell,19,$8437.05,(736) 992-1367,2018-05-19
Rose,Douglas,36,$5682.94,(645) 710-7529,2018-05-19
Chase,Reese,57,$8920.97,(209) 881-2224,2018-05-19
Todd,Lopez,43,$3163.62,(350) 741-7383,2018-05-19
Lily,Warren,21,$2924.11,(671) 690-4659,2018-05-19
Brandon,Summers,51,$4538.09,(231) 763-8425,2018-05-19
Bertie,Stevens,36,$1761.36,(382) 206-5039,2018-05-19
Angel,Owen,45,$5852.13,(886) 446-8365,2018-05-19
Josephine,Ryan,63,$5884.35,(776) 521-9742,2018-05-19
Connor,Singleton,56,$1409.44,(579) 933-9144,2018-05-19
Wesley,Tate,53,$1550.00,(730) 226-1984,2018-05-19
Caroline,Stephens,33,$9443.47,(255) 359-4891,2018-05-19
Milton,Dean,26,$7246.24,(442) 861-5792,2018-05-19
Scott,Carpenter,48,$7453.53,(768) 480-8408,2018-05-19
Adele,Gibbs,32,$9772.54,(760) 400-4449,2018-05-19
Garrett,Holland,43,$4321.49,(428) 521-8301,2018-05-19
Minnie,Greene,40,$2756.40,(371) 442-9105,2018-05-19
Curtis,Farmer,63,$5954.00,(869) 818-4413,2018-05-19
Emilie,Hubbard,40,$7497.05,(429) 947-5720,2018-05-19
Vincent,Townsend,49,$5594.87,(570) 925-3187,2018-05-19
Ricky,Mendez,49,$3686.11,(450) 821-5101,2018-05-19
Jack,Parsons,54,$4850.87,(925) 979-8104,2018-05-19
Nannie,Sutton,31,$9191.88,(311) 331-3229,2018-05-19
Marie,Kelley,60,$1848.18,(405) 569-6643,2018-05-19
Olive,Mitchell,51,$7115.84,(433) 313-8124,2018-05-19
John,Burgess,30,$175.31,(868) 600-9305,2018-05-19
Lottie,Reid,60,$3786.85,(602) 236-7371,2018-05-19
Bettie,Gutierrez,37,$726.14,(426) 402-2838,2018-05-19
Benjamin,Nelson,18,$6558.15,(202) 722-8432,2018-05-19
Josie,Perez,32,$2268.38,(901) 277-6817,2018-05-19
Rosalie,Morris,36,$8610.68,(439) 398-5515,2018-05-19
Nellie,Payne,57,$6149.16,(781) 661-8737,2018-05-19
Ethel,Holt,47,$9689.57,(642) 263-9438,2018-05-19
Max,Parsons,20,$3946.71,(265) 637-6485,2018-05-19
Ethel,Turner,43,$9292.50,(402) 928-6019,2018-05-19
Curtis,Abbott,61,$9090.00,(703) 718-3949,2018-05-19
Terry,Rose,31,$2204.66,(483) 522-6898,2018-05-19
Lydia,Parks,63,$2775.83,(227) 641-4224,2018-05-19
Dylan,Flores,56,$7625.42,(234) 339-2132,2018-05-19
Sadie,Reyes,24,$3463.29,(711) 965-6133,2018-05-19
Richard,Craig,60,$2740.83,(677) 756-2654,2018-05-19
Noah,Cain,28,$6893.18,(420) 324-9980,2018-05-19
Jennie,Benson,54,$6166.91,(406) 442-5523,2018-05-19
Mike,Caldwell,62,$7083.93,(279) 349-7198,2018-05-19
Duane,Lawson,41,$7823.73,(336) 556-8610,2018-05-19
Carrie,Schwartz,55,$7361.76,(845) 316-7715,2018-05-19
Matthew,Hunter,65,$4471.64,(874) 344-3804,2018-05-19
Lois,Patterson,23,$8467.26,(674) 512-3361,2018-05-19
Blanche,Townsend,40,$6037.26,(364) 794-9355,2018-05-19
Edith,Floyd,44,$5218.19,(568) 298-4600,2018-05-19
Leonard,Welch,31,$2799.14,(713) 383-9008,2018-05-19
Emily,Maxwell,56,$1320.98,(708) 494-4414,2018-05-19
Ronald,Sharp,44,$9248.36,(664) 606-4713,2018-05-19
David,Guerrero,48,$3756.72,(948) 761-3379,2018-05-19
Bess,Gray,40,$6214.01,(220) 664-2381,2018-05-19
John,Patton,31,$8836.56,(907) 508-8900,2018-05-19
Albert,Gomez,39,$7761.50,(985) 286-3225,2018-05-19
Violet,Hale,46,$6026.46,(751) 323-6956,2018-05-19
Adelaide,Jordan,44,$4175.49,(445) 201-7852,2018-05-19
Violet,Cannon,47,$5588.81,(906) 288-8179,2018-05-19
Vernon,Santos,62,$2787.48,(553) 786-2751,2018-05-19
Rebecca,Garcia,60,$4208.77,(877) 952-4322,2018-05-19
Hester,Butler,23,$5216.05,(710) 593-5473,2018-05-19
Hilda,Owens,23,$1901.73,(313) 296-9628,2018-05-19
Jeffery,Cooper,64,$925.54,(515) 612-3212,2018-05-19
Ellen,Clayton,47,$3870.14,(402) 887-8694,2018-05-19
Rebecca,Logan,28,$7665.45,(630) 728-2457,2018-05-19
Timothy,Francis,36,$4771.53,(703) 219-6407,2018-05-19
Maud,Brooks,21,$7348.08,(805) 393-4850,2018-05-19
Herman,Holmes,41,$9031.25,(270) 717-8278,2018-05-19
Esther,Manning,49,$2498.98,(444) 538-4678,2018-05-19
Ida,Collier,28,$64.82,(315) 580-4620,2018-05-19
Elnora,Maldonado,32,$2761.67,(480) 216-4457,2018-05-19
Nettie,Duncan,20,$6359.43,(974) 522-7571,2018-05-19
Ella,Stewart,38,$4155.99,(830) 203-1078,2018-05-19
Frederick,Powers,60,$3458.41,(835) 496-5933,2018-05-19
Frederick,Webster,60,$5706.79,(356) 645-3504,2018-05-19
Ina,Tran,26,$4919.92,(534) 210-2103,2018-05-19
Lizzie,Morgan,31,$3729.51,(836) 958-3370,2018-05-19
Adam,Maxwell,46,$9954.09,(956) 313-6699,2018-05-19
Leona,Wells,54,$6897.74,(672) 522-4251,2018-05-19
Phoebe,Hernandez,62,$2260.86,(420) 464-4392,2018-05-19
Flora,Jennings,61,$7010.15,(213) 490-7738,2018-05-19